postnummer,branchekode
1050,86.10.00
1050,86.91.00
1050,86.94.00
1050,86.97.00
1051,86.10.00
1051,86.91.00
1051,86.94.00
1051,86.97.00
1052,86.10.00
1052,86.91.00
1052,86.94.00
1052,86.97.00
1053,86.10.00
1053,86.91.00
1053,86.94.00
1053,86.97.00
1054,86.10.00
1054,86.91.00
1054,86.94.00
1054,86.97.00
1055,86.10.00
1055,86.91.00
1055,86.94.00
1055,86.97.00
1055,86.10.00
1055,86.91.00
1055,86.94.00
1055,86.97.00
1056,86.10.00
1056,86.91.00
1056,86.94.00
1056,86.97.00
1057,86.10.00
1057,86.91.00
1057,86.94.00
1057,86.97.00
1058,86.10.00
1058,86.91.00
1058,86.94.00
1058,86.97.00
1059,86.10.00
1059,86.91.00
1059,86.94.00
1059,86.97.00
1060,86.10.00
1060,86.91.00
1060,86.94.00
1060,86.97.00
1061,86.10.00
1061,86.91.00
1061,86.94.00
1061,86.97.00
1062,86.10.00
1062,86.91.00
1062,86.94.00
1062,86.97.00
1063,86.10.00
1063,86.91.00
1063,86.94.00
1063,86.97.00
1064,86.10.00
1064,86.91.00
1064,86.94.00
1064,86.97.00
1065,86.10.00
1065,86.91.00
1065,86.94.00
1065,86.97.00
1066,86.10.00
1066,86.91.00
1066,86.94.00
1066,86.97.00
1067,86.10.00
1067,86.91.00
1067,86.94.00
1067,86.97.00
1068,86.10.00
1068,86.91.00
1068,86.94.00
1068,86.97.00
1069,86.10.00
1069,86.91.00
1069,86.94.00
1069,86.97.00
1070,86.10.00
1070,86.91.00
1070,86.94.00
1070,86.97.00
1071,86.10.00
1071,86.91.00
1071,86.94.00
1071,86.97.00
1072,86.10.00
1072,86.91.00
1072,86.94.00
1072,86.97.00
1073,86.10.00
1073,86.91.00
1073,86.94.00
1073,86.97.00
1074,86.10.00
1074,86.91.00
1074,86.94.00
1074,86.97.00
1100,86.10.00
1100,86.91.00
1100,86.94.00
1100,86.97.00
1101,86.10.00
1101,86.91.00
1101,86.94.00
1101,86.97.00
1102,86.10.00
1102,86.91.00
1102,86.94.00
1102,86.97.00
1103,86.10.00
1103,86.91.00
1103,86.94.00
1103,86.97.00
1104,86.10.00
1104,86.91.00
1104,86.94.00
1104,86.97.00
1105,86.10.00
1105,86.91.00
1105,86.94.00
1105,86.97.00
1106,86.10.00
1106,86.91.00
1106,86.94.00
1106,86.97.00
1107,86.10.00
1107,86.91.00
1107,86.94.00
1107,86.97.00
1110,86.10.00
1110,86.91.00
1110,86.94.00
1110,86.97.00
1111,86.10.00
1111,86.91.00
1111,86.94.00
1111,86.97.00
1112,86.10.00
1112,86.91.00
1112,86.94.00
1112,86.97.00
1113,86.10.00
1113,86.91.00
1113,86.94.00
1113,86.97.00
1114,86.10.00
1114,86.91.00
1114,86.94.00
1114,86.97.00
1115,86.10.00
1115,86.91.00
1115,86.94.00
1115,86.97.00
1116,86.10.00
1116,86.91.00
1116,86.94.00
1116,86.97.00
1117,86.10.00
1117,86.91.00
1117,86.94.00
1117,86.97.00
1118,86.10.00
1118,86.91.00
1118,86.94.00
1118,86.97.00
1119,86.10.00
1119,86.91.00
1119,86.94.00
1119,86.97.00
1120,86.10.00
1120,86.91.00
1120,86.94.00
1120,86.97.00
1121,86.10.00
1121,86.91.00
1121,86.94.00
1121,86.97.00
1122,86.10.00
1122,86.91.00
1122,86.94.00
1122,86.97.00
1123,86.10.00
1123,86.91.00
1123,86.94.00
1123,86.97.00
1124,86.10.00
1124,86.91.00
1124,86.94.00
1124,86.97.00
1125,86.10.00
1125,86.91.00
1125,86.94.00
1125,86.97.00
1126,86.10.00
1126,86.91.00
1126,86.94.00
1126,86.97.00
1127,86.10.00
1127,86.91.00
1127,86.94.00
1127,86.97.00
1128,86.10.00
1128,86.91.00
1128,86.94.00
1128,86.97.00
1129,86.10.00
1129,86.91.00
1129,86.94.00
1129,86.97.00
1130,86.10.00
1130,86.91.00
1130,86.94.00
1130,86.97.00
1131,86.10.00
1131,86.91.00
1131,86.94.00
1131,86.97.00
1150,86.10.00
1150,86.91.00
1150,86.94.00
1150,86.97.00
1151,86.10.00
1151,86.91.00
1151,86.94.00
1151,86.97.00
1152,86.10.00
1152,86.91.00
1152,86.94.00
1152,86.97.00
1153,86.10.00
1153,86.91.00
1153,86.94.00
1153,86.97.00
1154,86.10.00
1154,86.91.00
1154,86.94.00
1154,86.97.00
1155,86.10.00
1155,86.91.00
1155,86.94.00
1155,86.97.00
1156,86.10.00
1156,86.91.00
1156,86.94.00
1156,86.97.00
1157,86.10.00
1157,86.91.00
1157,86.94.00
1157,86.97.00
1158,86.10.00
1158,86.91.00
1158,86.94.00
1158,86.97.00
1159,86.10.00
1159,86.91.00
1159,86.94.00
1159,86.97.00
1160,86.10.00
1160,86.91.00
1160,86.94.00
1160,86.97.00
1161,86.10.00
1161,86.91.00
1161,86.94.00
1161,86.97.00
1162,86.10.00
1162,86.91.00
1162,86.94.00
1162,86.97.00
1164,86.10.00
1164,86.91.00
1164,86.94.00
1164,86.97.00
1165,86.10.00
1165,86.91.00
1165,86.94.00
1165,86.97.00
1165,86.10.00
1165,86.91.00
1165,86.94.00
1165,86.97.00
1166,86.10.00
1166,86.91.00
1166,86.94.00
1166,86.97.00
1167,86.10.00
1167,86.91.00
1167,86.94.00
1167,86.97.00
1168,86.10.00
1168,86.91.00
1168,86.94.00
1168,86.97.00
1169,86.10.00
1169,86.91.00
1169,86.94.00
1169,86.97.00
1170,86.10.00
1170,86.91.00
1170,86.94.00
1170,86.97.00
1171,86.10.00
1171,86.91.00
1171,86.94.00
1171,86.97.00
1172,86.10.00
1172,86.91.00
1172,86.94.00
1172,86.97.00
1173,86.10.00
1173,86.91.00
1173,86.94.00
1173,86.97.00
1174,86.10.00
1174,86.91.00
1174,86.94.00
1174,86.97.00
1175,86.10.00
1175,86.91.00
1175,86.94.00
1175,86.97.00
1200,86.10.00
1200,86.91.00
1200,86.94.00
1200,86.97.00
1201,86.10.00
1201,86.91.00
1201,86.94.00
1201,86.97.00
1202,86.10.00
1202,86.91.00
1202,86.94.00
1202,86.97.00
1203,86.10.00
1203,86.91.00
1203,86.94.00
1203,86.97.00
1204,86.10.00
1204,86.91.00
1204,86.94.00
1204,86.97.00
1205,86.10.00
1205,86.91.00
1205,86.94.00
1205,86.97.00
1206,86.10.00
1206,86.91.00
1206,86.94.00
1206,86.97.00
1207,86.10.00
1207,86.91.00
1207,86.94.00
1207,86.97.00
1208,86.10.00
1208,86.91.00
1208,86.94.00
1208,86.97.00
1209,86.10.00
1209,86.91.00
1209,86.94.00
1209,86.97.00
1210,86.10.00
1210,86.91.00
1210,86.94.00
1210,86.97.00
1211,86.10.00
1211,86.91.00
1211,86.94.00
1211,86.97.00
1212,86.10.00
1212,86.91.00
1212,86.94.00
1212,86.97.00
1213,86.10.00
1213,86.91.00
1213,86.94.00
1213,86.97.00
1214,86.10.00
1214,86.91.00
1214,86.94.00
1214,86.97.00
1215,86.10.00
1215,86.91.00
1215,86.94.00
1215,86.97.00
1216,86.10.00
1216,86.91.00
1216,86.94.00
1216,86.97.00
1218,86.10.00
1218,86.91.00
1218,86.94.00
1218,86.97.00
1218,86.10.00
1218,86.91.00
1218,86.94.00
1218,86.97.00
1218,86.10.00
1218,86.91.00
1218,86.94.00
1218,86.97.00
1218,86.10.00
1218,86.91.00
1218,86.94.00
1218,86.97.00
1218,86.10.00
1218,86.91.00
1218,86.94.00
1218,86.97.00
1218,86.10.00
1218,86.91.00
1218,86.94.00
1218,86.97.00
1219,86.10.00
1219,86.91.00
1219,86.94.00
1219,86.97.00
1220,86.10.00
1220,86.91.00
1220,86.94.00
1220,86.97.00
1221,86.10.00
1221,86.91.00
1221,86.94.00
1221,86.97.00
1250,86.10.00
1250,86.91.00
1250,86.94.00
1250,86.97.00
1251,86.10.00
1251,86.91.00
1251,86.94.00
1251,86.97.00
1252,86.10.00
1252,86.91.00
1252,86.94.00
1252,86.97.00
1253,86.10.00
1253,86.91.00
1253,86.94.00
1253,86.97.00
1254,86.10.00
1254,86.91.00
1254,86.94.00
1254,86.97.00
1255,86.10.00
1255,86.91.00
1255,86.94.00
1255,86.97.00
1256,86.10.00
1256,86.91.00
1256,86.94.00
1256,86.97.00
1257,86.10.00
1257,86.91.00
1257,86.94.00
1257,86.97.00
1259,86.10.00
1259,86.91.00
1259,86.94.00
1259,86.97.00
1259,86.10.00
1259,86.91.00
1259,86.94.00
1259,86.97.00
1260,86.10.00
1260,86.91.00
1260,86.94.00
1260,86.97.00
1261,86.10.00
1261,86.91.00
1261,86.94.00
1261,86.97.00
1263,86.10.00
1263,86.91.00
1263,86.94.00
1263,86.97.00
1263,86.10.00
1263,86.91.00
1263,86.94.00
1263,86.97.00
1264,86.10.00
1264,86.91.00
1264,86.94.00
1264,86.97.00
1265,86.10.00
1265,86.91.00
1265,86.94.00
1265,86.97.00
1266,86.10.00
1266,86.91.00
1266,86.94.00
1266,86.97.00
1267,86.10.00
1267,86.91.00
1267,86.94.00
1267,86.97.00
1268,86.10.00
1268,86.91.00
1268,86.94.00
1268,86.97.00
1270,86.10.00
1270,86.91.00
1270,86.94.00
1270,86.97.00
1271,86.10.00
1271,86.91.00
1271,86.94.00
1271,86.97.00
1300,86.10.00
1300,86.91.00
1300,86.94.00
1300,86.97.00
1301,86.10.00
1301,86.91.00
1301,86.94.00
1301,86.97.00
1302,86.10.00
1302,86.91.00
1302,86.94.00
1302,86.97.00
1303,86.10.00
1303,86.91.00
1303,86.94.00
1303,86.97.00
1304,86.10.00
1304,86.91.00
1304,86.94.00
1304,86.97.00
1306,86.10.00
1306,86.91.00
1306,86.94.00
1306,86.97.00
1307,86.10.00
1307,86.91.00
1307,86.94.00
1307,86.97.00
1307,86.10.00
1307,86.91.00
1307,86.94.00
1307,86.97.00
1308,86.10.00
1308,86.91.00
1308,86.94.00
1308,86.97.00
1309,86.10.00
1309,86.91.00
1309,86.94.00
1309,86.97.00
1310,86.10.00
1310,86.91.00
1310,86.94.00
1310,86.97.00
1311,86.10.00
1311,86.91.00
1311,86.94.00
1311,86.97.00
1312,86.10.00
1312,86.91.00
1312,86.94.00
1312,86.97.00
1313,86.10.00
1313,86.91.00
1313,86.94.00
1313,86.97.00
1314,86.10.00
1314,86.91.00
1314,86.94.00
1314,86.97.00
1315,86.10.00
1315,86.91.00
1315,86.94.00
1315,86.97.00
1316,86.10.00
1316,86.91.00
1316,86.94.00
1316,86.97.00
1317,86.10.00
1317,86.91.00
1317,86.94.00
1317,86.97.00
1318,86.10.00
1318,86.91.00
1318,86.94.00
1318,86.97.00
1319,86.10.00
1319,86.91.00
1319,86.94.00
1319,86.97.00
1320,86.10.00
1320,86.91.00
1320,86.94.00
1320,86.97.00
1321,86.10.00
1321,86.91.00
1321,86.94.00
1321,86.97.00
1322,86.10.00
1322,86.91.00
1322,86.94.00
1322,86.97.00
1323,86.10.00
1323,86.91.00
1323,86.94.00
1323,86.97.00
1324,86.10.00
1324,86.91.00
1324,86.94.00
1324,86.97.00
1325,86.10.00
1325,86.91.00
1325,86.94.00
1325,86.97.00
1326,86.10.00
1326,86.91.00
1326,86.94.00
1326,86.97.00
1327,86.10.00
1327,86.91.00
1327,86.94.00
1327,86.97.00
1328,86.10.00
1328,86.91.00
1328,86.94.00
1328,86.97.00
1329,86.10.00
1329,86.91.00
1329,86.94.00
1329,86.97.00
1350,86.10.00
1350,86.91.00
1350,86.94.00
1350,86.97.00
1352,86.10.00
1352,86.91.00
1352,86.94.00
1352,86.97.00
1353,86.10.00
1353,86.91.00
1353,86.94.00
1353,86.97.00
1354,86.10.00
1354,86.91.00
1354,86.94.00
1354,86.97.00
1355,86.10.00
1355,86.91.00
1355,86.94.00
1355,86.97.00
1356,86.10.00
1356,86.91.00
1356,86.94.00
1356,86.97.00
1357,86.10.00
1357,86.91.00
1357,86.94.00
1357,86.97.00
1358,86.10.00
1358,86.91.00
1358,86.94.00
1358,86.97.00
1359,86.10.00
1359,86.91.00
1359,86.94.00
1359,86.97.00
1359,86.10.00
1359,86.91.00
1359,86.94.00
1359,86.97.00
1360,86.10.00
1360,86.91.00
1360,86.94.00
1360,86.97.00
1361,86.10.00
1361,86.91.00
1361,86.94.00
1361,86.97.00
1361,86.10.00
1361,86.91.00
1361,86.94.00
1361,86.97.00
1362,86.10.00
1362,86.91.00
1362,86.94.00
1362,86.97.00
1363,86.10.00
1363,86.91.00
1363,86.94.00
1363,86.97.00
1364,86.10.00
1364,86.91.00
1364,86.94.00
1364,86.97.00
1365,86.10.00
1365,86.91.00
1365,86.94.00
1365,86.97.00
1366,86.10.00
1366,86.91.00
1366,86.94.00
1366,86.97.00
1367,86.10.00
1367,86.91.00
1367,86.94.00
1367,86.97.00
1368,86.10.00
1368,86.91.00
1368,86.94.00
1368,86.97.00
1369,86.10.00
1369,86.91.00
1369,86.94.00
1369,86.97.00
1370,86.10.00
1370,86.91.00
1370,86.94.00
1370,86.97.00
1371,86.10.00
1371,86.91.00
1371,86.94.00
1371,86.97.00
1400,86.10.00
1400,86.91.00
1400,86.94.00
1400,86.97.00
1400,86.10.00
1400,86.91.00
1400,86.94.00
1400,86.97.00
1401,86.10.00
1401,86.91.00
1401,86.94.00
1401,86.97.00
1402,86.10.00
1402,86.91.00
1402,86.94.00
1402,86.97.00
1402,86.10.00
1402,86.91.00
1402,86.94.00
1402,86.97.00
1402,86.10.00
1402,86.91.00
1402,86.94.00
1402,86.97.00
1402,86.10.00
1402,86.91.00
1402,86.94.00
1402,86.97.00
1402,86.10.00
1402,86.91.00
1402,86.94.00
1402,86.97.00
1403,86.10.00
1403,86.91.00
1403,86.94.00
1403,86.97.00
1406,86.10.00
1406,86.91.00
1406,86.94.00
1406,86.97.00
1407,86.10.00
1407,86.91.00
1407,86.94.00
1407,86.97.00
1408,86.10.00
1408,86.91.00
1408,86.94.00
1408,86.97.00
1409,86.10.00
1409,86.91.00
1409,86.94.00
1409,86.97.00
1410,86.10.00
1410,86.91.00
1410,86.94.00
1410,86.97.00
1411,86.10.00
1411,86.91.00
1411,86.94.00
1411,86.97.00
1411,86.10.00
1411,86.91.00
1411,86.94.00
1411,86.97.00
1412,86.10.00
1412,86.91.00
1412,86.94.00
1412,86.97.00
1413,86.10.00
1413,86.91.00
1413,86.94.00
1413,86.97.00
1414,86.10.00
1414,86.91.00
1414,86.94.00
1414,86.97.00
1415,86.10.00
1415,86.91.00
1415,86.94.00
1415,86.97.00
1416,86.10.00
1416,86.91.00
1416,86.94.00
1416,86.97.00
1417,86.10.00
1417,86.91.00
1417,86.94.00
1417,86.97.00
1418,86.10.00
1418,86.91.00
1418,86.94.00
1418,86.97.00
1419,86.10.00
1419,86.91.00
1419,86.94.00
1419,86.97.00
1420,86.10.00
1420,86.91.00
1420,86.94.00
1420,86.97.00
1421,86.10.00
1421,86.91.00
1421,86.94.00
1421,86.97.00
1422,86.10.00
1422,86.91.00
1422,86.94.00
1422,86.97.00
1423,86.10.00
1423,86.91.00
1423,86.94.00
1423,86.97.00
1424,86.10.00
1424,86.91.00
1424,86.94.00
1424,86.97.00
1425,86.10.00
1425,86.91.00
1425,86.94.00
1425,86.97.00
1426,86.10.00
1426,86.91.00
1426,86.94.00
1426,86.97.00
1427,86.10.00
1427,86.91.00
1427,86.94.00
1427,86.97.00
1428,86.10.00
1428,86.91.00
1428,86.94.00
1428,86.97.00
1429,86.10.00
1429,86.91.00
1429,86.94.00
1429,86.97.00
1430,86.10.00
1430,86.91.00
1430,86.94.00
1430,86.97.00
1432,86.10.00
1432,86.91.00
1432,86.94.00
1432,86.97.00
1432,86.10.00
1432,86.91.00
1432,86.94.00
1432,86.97.00
1432,86.10.00
1432,86.91.00
1432,86.94.00
1432,86.97.00
1433,86.10.00
1433,86.91.00
1433,86.94.00
1433,86.97.00
1433,86.10.00
1433,86.91.00
1433,86.94.00
1433,86.97.00
1433,86.10.00
1433,86.91.00
1433,86.94.00
1433,86.97.00
1433,86.10.00
1433,86.91.00
1433,86.94.00
1433,86.97.00
1433,86.10.00
1433,86.91.00
1433,86.94.00
1433,86.97.00
1433,86.10.00
1433,86.91.00
1433,86.94.00
1433,86.97.00
1433,86.10.00
1433,86.91.00
1433,86.94.00
1433,86.97.00
1434,86.10.00
1434,86.91.00
1434,86.94.00
1434,86.97.00
1434,86.10.00
1434,86.91.00
1434,86.94.00
1434,86.97.00
1435,86.10.00
1435,86.91.00
1435,86.94.00
1435,86.97.00
1436,86.10.00
1436,86.91.00
1436,86.94.00
1436,86.97.00
1436,86.10.00
1436,86.91.00
1436,86.94.00
1436,86.97.00
1436,86.10.00
1436,86.91.00
1436,86.94.00
1436,86.97.00
1436,86.10.00
1436,86.91.00
1436,86.94.00
1436,86.97.00
1436,86.10.00
1436,86.91.00
1436,86.94.00
1436,86.97.00
1436,86.10.00
1436,86.91.00
1436,86.94.00
1436,86.97.00
1437,86.10.00
1437,86.91.00
1437,86.94.00
1437,86.97.00
1437,86.10.00
1437,86.91.00
1437,86.94.00
1437,86.97.00
1437,86.10.00
1437,86.91.00
1437,86.94.00
1437,86.97.00
1437,86.10.00
1437,86.91.00
1437,86.94.00
1437,86.97.00
1437,86.10.00
1437,86.91.00
1437,86.94.00
1437,86.97.00
1437,86.10.00
1437,86.91.00
1437,86.94.00
1437,86.97.00
1437,86.10.00
1437,86.91.00
1437,86.94.00
1437,86.97.00
1437,86.10.00
1437,86.91.00
1437,86.94.00
1437,86.97.00
1437,86.10.00
1437,86.91.00
1437,86.94.00
1437,86.97.00
1437,86.10.00
1437,86.91.00
1437,86.94.00
1437,86.97.00
1437,86.10.00
1437,86.91.00
1437,86.94.00
1437,86.97.00
1437,86.10.00
1437,86.91.00
1437,86.94.00
1437,86.97.00
1438,86.10.00
1438,86.91.00
1438,86.94.00
1438,86.97.00
1438,86.10.00
1438,86.91.00
1438,86.94.00
1438,86.97.00
1438,86.10.00
1438,86.91.00
1438,86.94.00
1438,86.97.00
1438,86.10.00
1438,86.91.00
1438,86.94.00
1438,86.97.00
1438,86.10.00
1438,86.91.00
1438,86.94.00
1438,86.97.00
1439,86.10.00
1439,86.91.00
1439,86.94.00
1439,86.97.00
1439,86.10.00
1439,86.91.00
1439,86.94.00
1439,86.97.00
1439,86.10.00
1439,86.91.00
1439,86.94.00
1439,86.97.00
1439,86.10.00
1439,86.91.00
1439,86.94.00
1439,86.97.00
1439,86.10.00
1439,86.91.00
1439,86.94.00
1439,86.97.00
1439,86.10.00
1439,86.91.00
1439,86.94.00
1439,86.97.00
1439,86.10.00
1439,86.91.00
1439,86.94.00
1439,86.97.00
1439,86.10.00
1439,86.91.00
1439,86.94.00
1439,86.97.00
1439,86.10.00
1439,86.91.00
1439,86.94.00
1439,86.97.00
1439,86.10.00
1439,86.91.00
1439,86.94.00
1439,86.97.00
1439,86.10.00
1439,86.91.00
1439,86.94.00
1439,86.97.00
1439,86.10.00
1439,86.91.00
1439,86.94.00
1439,86.97.00
1439,86.10.00
1439,86.91.00
1439,86.94.00
1439,86.97.00
1439,86.10.00
1439,86.91.00
1439,86.94.00
1439,86.97.00
1439,86.10.00
1439,86.91.00
1439,86.94.00
1439,86.97.00
1440,86.10.00
1440,86.91.00
1440,86.94.00
1440,86.97.00
1440,86.10.00
1440,86.91.00
1440,86.94.00
1440,86.97.00
1440,86.10.00
1440,86.91.00
1440,86.94.00
1440,86.97.00
1440,86.10.00
1440,86.91.00
1440,86.94.00
1440,86.97.00
1440,86.10.00
1440,86.91.00
1440,86.94.00
1440,86.97.00
1440,86.10.00
1440,86.91.00
1440,86.94.00
1440,86.97.00
1440,86.10.00
1440,86.91.00
1440,86.94.00
1440,86.97.00
1440,86.10.00
1440,86.91.00
1440,86.94.00
1440,86.97.00
1440,86.10.00
1440,86.91.00
1440,86.94.00
1440,86.97.00
1440,86.10.00
1440,86.91.00
1440,86.94.00
1440,86.97.00
1440,86.10.00
1440,86.91.00
1440,86.94.00
1440,86.97.00
1441,86.10.00
1441,86.91.00
1441,86.94.00
1441,86.97.00
1441,86.10.00
1441,86.91.00
1441,86.94.00
1441,86.97.00
1441,86.10.00
1441,86.91.00
1441,86.94.00
1441,86.97.00
1450,86.10.00
1450,86.91.00
1450,86.94.00
1450,86.97.00
1451,86.10.00
1451,86.91.00
1451,86.94.00
1451,86.97.00
1452,86.10.00
1452,86.91.00
1452,86.94.00
1452,86.97.00
1453,86.10.00
1453,86.91.00
1453,86.94.00
1453,86.97.00
1454,86.10.00
1454,86.91.00
1454,86.94.00
1454,86.97.00
1455,86.10.00
1455,86.91.00
1455,86.94.00
1455,86.97.00
1456,86.10.00
1456,86.91.00
1456,86.94.00
1456,86.97.00
1457,86.10.00
1457,86.91.00
1457,86.94.00
1457,86.97.00
1458,86.10.00
1458,86.91.00
1458,86.94.00
1458,86.97.00
1459,86.10.00
1459,86.91.00
1459,86.94.00
1459,86.97.00
1460,86.10.00
1460,86.91.00
1460,86.94.00
1460,86.97.00
1461,86.10.00
1461,86.91.00
1461,86.94.00
1461,86.97.00
1462,86.10.00
1462,86.91.00
1462,86.94.00
1462,86.97.00
1463,86.10.00
1463,86.91.00
1463,86.94.00
1463,86.97.00
1464,86.10.00
1464,86.91.00
1464,86.94.00
1464,86.97.00
1465,86.10.00
1465,86.91.00
1465,86.94.00
1465,86.97.00
1466,86.10.00
1466,86.91.00
1466,86.94.00
1466,86.97.00
1467,86.10.00
1467,86.91.00
1467,86.94.00
1467,86.97.00
1468,86.10.00
1468,86.91.00
1468,86.94.00
1468,86.97.00
1470,86.10.00
1470,86.91.00
1470,86.94.00
1470,86.97.00
1471,86.10.00
1471,86.91.00
1471,86.94.00
1471,86.97.00
1472,86.10.00
1472,86.91.00
1472,86.94.00
1472,86.97.00
1473,86.10.00
1473,86.91.00
1473,86.94.00
1473,86.97.00
1550,86.10.00
1550,86.91.00
1550,86.94.00
1550,86.97.00
1550,86.10.00
1550,86.91.00
1550,86.94.00
1550,86.97.00
1551,86.10.00
1551,86.91.00
1551,86.94.00
1551,86.97.00
1552,86.10.00
1552,86.91.00
1552,86.94.00
1552,86.97.00
1553,86.10.00
1553,86.91.00
1553,86.94.00
1553,86.97.00
1553,86.10.00
1553,86.91.00
1553,86.94.00
1553,86.97.00
1554,86.10.00
1554,86.91.00
1554,86.94.00
1554,86.97.00
1555,86.10.00
1555,86.91.00
1555,86.94.00
1555,86.97.00
1556,86.10.00
1556,86.91.00
1556,86.94.00
1556,86.97.00
1557,86.10.00
1557,86.91.00
1557,86.94.00
1557,86.97.00
1558,86.10.00
1558,86.91.00
1558,86.94.00
1558,86.97.00
1559,86.10.00
1559,86.91.00
1559,86.94.00
1559,86.97.00
1560,86.10.00
1560,86.91.00
1560,86.94.00
1560,86.97.00
1561,86.10.00
1561,86.91.00
1561,86.94.00
1561,86.97.00
1561,86.10.00
1561,86.91.00
1561,86.94.00
1561,86.97.00
1562,86.10.00
1562,86.91.00
1562,86.94.00
1562,86.97.00
1563,86.10.00
1563,86.91.00
1563,86.94.00
1563,86.97.00
1564,86.10.00
1564,86.91.00
1564,86.94.00
1564,86.97.00
1567,86.10.00
1567,86.91.00
1567,86.94.00
1567,86.97.00
1568,86.10.00
1568,86.91.00
1568,86.94.00
1568,86.97.00
1569,86.10.00
1569,86.91.00
1569,86.94.00
1569,86.97.00
1570,86.10.00
1570,86.91.00
1570,86.94.00
1570,86.97.00
1570,86.10.00
1570,86.91.00
1570,86.94.00
1570,86.97.00
1571,86.10.00
1571,86.91.00
1571,86.94.00
1571,86.97.00
1572,86.10.00
1572,86.91.00
1572,86.94.00
1572,86.97.00
1573,86.10.00
1573,86.91.00
1573,86.94.00
1573,86.97.00
1574,86.10.00
1574,86.91.00
1574,86.94.00
1574,86.97.00
1575,86.10.00
1575,86.91.00
1575,86.94.00
1575,86.97.00
1576,86.10.00
1576,86.91.00
1576,86.94.00
1576,86.97.00
1577,86.10.00
1577,86.91.00
1577,86.94.00
1577,86.97.00
1577,86.10.00
1577,86.91.00
1577,86.94.00
1577,86.97.00
1577,86.10.00
1577,86.91.00
1577,86.94.00
1577,86.97.00
1600,86.10.00
1600,86.91.00
1600,86.94.00
1600,86.97.00
1601,86.10.00
1601,86.91.00
1601,86.94.00
1601,86.97.00
1602,86.10.00
1602,86.91.00
1602,86.94.00
1602,86.97.00
1603,86.10.00
1603,86.91.00
1603,86.94.00
1603,86.97.00
1604,86.10.00
1604,86.91.00
1604,86.94.00
1604,86.97.00
1605,86.10.00
1605,86.91.00
1605,86.94.00
1605,86.97.00
1606,86.10.00
1606,86.91.00
1606,86.94.00
1606,86.97.00
1607,86.10.00
1607,86.91.00
1607,86.94.00
1607,86.97.00
1608,86.10.00
1608,86.91.00
1608,86.94.00
1608,86.97.00
1609,86.10.00
1609,86.91.00
1609,86.94.00
1609,86.97.00
1610,86.10.00
1610,86.91.00
1610,86.94.00
1610,86.97.00
1611,86.10.00
1611,86.91.00
1611,86.94.00
1611,86.97.00
1612,86.10.00
1612,86.91.00
1612,86.94.00
1612,86.97.00
1613,86.10.00
1613,86.91.00
1613,86.94.00
1613,86.97.00
1614,86.10.00
1614,86.91.00
1614,86.94.00
1614,86.97.00
1615,86.10.00
1615,86.91.00
1615,86.94.00
1615,86.97.00
1616,86.10.00
1616,86.91.00
1616,86.94.00
1616,86.97.00
1617,86.10.00
1617,86.91.00
1617,86.94.00
1617,86.97.00
1618,86.10.00
1618,86.91.00
1618,86.94.00
1618,86.97.00
1619,86.10.00
1619,86.91.00
1619,86.94.00
1619,86.97.00
1620,86.10.00
1620,86.91.00
1620,86.94.00
1620,86.97.00
1620,86.10.00
1620,86.91.00
1620,86.94.00
1620,86.97.00
1621,86.10.00
1621,86.91.00
1621,86.94.00
1621,86.97.00
1622,86.10.00
1622,86.91.00
1622,86.94.00
1622,86.97.00
1623,86.10.00
1623,86.91.00
1623,86.94.00
1623,86.97.00
1624,86.10.00
1624,86.91.00
1624,86.94.00
1624,86.97.00
1631,86.10.00
1631,86.91.00
1631,86.94.00
1631,86.97.00
1632,86.10.00
1632,86.91.00
1632,86.94.00
1632,86.97.00
1633,86.10.00
1633,86.91.00
1633,86.94.00
1633,86.97.00
1634,86.10.00
1634,86.91.00
1634,86.94.00
1634,86.97.00
1635,86.10.00
1635,86.91.00
1635,86.94.00
1635,86.97.00
1650,86.10.00
1650,86.91.00
1650,86.94.00
1650,86.97.00
1651,86.10.00
1651,86.91.00
1651,86.94.00
1651,86.97.00
1652,86.10.00
1652,86.91.00
1652,86.94.00
1652,86.97.00
1653,86.10.00
1653,86.91.00
1653,86.94.00
1653,86.97.00
1654,86.10.00
1654,86.91.00
1654,86.94.00
1654,86.97.00
1655,86.10.00
1655,86.91.00
1655,86.94.00
1655,86.97.00
1656,86.10.00
1656,86.91.00
1656,86.94.00
1656,86.97.00
1657,86.10.00
1657,86.91.00
1657,86.94.00
1657,86.97.00
1658,86.10.00
1658,86.91.00
1658,86.94.00
1658,86.97.00
1659,86.10.00
1659,86.91.00
1659,86.94.00
1659,86.97.00
1660,86.10.00
1660,86.91.00
1660,86.94.00
1660,86.97.00
1660,86.10.00
1660,86.91.00
1660,86.94.00
1660,86.97.00
1661,86.10.00
1661,86.91.00
1661,86.94.00
1661,86.97.00
1662,86.10.00
1662,86.91.00
1662,86.94.00
1662,86.97.00
1663,86.10.00
1663,86.91.00
1663,86.94.00
1663,86.97.00
1664,86.10.00
1664,86.91.00
1664,86.94.00
1664,86.97.00
1665,86.10.00
1665,86.91.00
1665,86.94.00
1665,86.97.00
1666,86.10.00
1666,86.91.00
1666,86.94.00
1666,86.97.00
1667,86.10.00
1667,86.91.00
1667,86.94.00
1667,86.97.00
1668,86.10.00
1668,86.91.00
1668,86.94.00
1668,86.97.00
1669,86.10.00
1669,86.91.00
1669,86.94.00
1669,86.97.00
1670,86.10.00
1670,86.91.00
1670,86.94.00
1670,86.97.00
1671,86.10.00
1671,86.91.00
1671,86.94.00
1671,86.97.00
1671,86.10.00
1671,86.91.00
1671,86.94.00
1671,86.97.00
1672,86.10.00
1672,86.91.00
1672,86.94.00
1672,86.97.00
1673,86.10.00
1673,86.91.00
1673,86.94.00
1673,86.97.00
1674,86.10.00
1674,86.91.00
1674,86.94.00
1674,86.97.00
1675,86.10.00
1675,86.91.00
1675,86.94.00
1675,86.97.00
1676,86.10.00
1676,86.91.00
1676,86.94.00
1676,86.97.00
1677,86.10.00
1677,86.91.00
1677,86.94.00
1677,86.97.00
1699,86.10.00
1699,86.91.00
1699,86.94.00
1699,86.97.00
1700,86.10.00
1700,86.91.00
1700,86.94.00
1700,86.97.00
1701,86.10.00
1701,86.91.00
1701,86.94.00
1701,86.97.00
1702,86.10.00
1702,86.91.00
1702,86.94.00
1702,86.97.00
1703,86.10.00
1703,86.91.00
1703,86.94.00
1703,86.97.00
1704,86.10.00
1704,86.91.00
1704,86.94.00
1704,86.97.00
1705,86.10.00
1705,86.91.00
1705,86.94.00
1705,86.97.00
1706,86.10.00
1706,86.91.00
1706,86.94.00
1706,86.97.00
1707,86.10.00
1707,86.91.00
1707,86.94.00
1707,86.97.00
1708,86.10.00
1708,86.91.00
1708,86.94.00
1708,86.97.00
1709,86.10.00
1709,86.91.00
1709,86.94.00
1709,86.97.00
1710,86.10.00
1710,86.91.00
1710,86.94.00
1710,86.97.00
1711,86.10.00
1711,86.91.00
1711,86.94.00
1711,86.97.00
1711,86.10.00
1711,86.91.00
1711,86.94.00
1711,86.97.00
1712,86.10.00
1712,86.91.00
1712,86.94.00
1712,86.97.00
1714,86.10.00
1714,86.91.00
1714,86.94.00
1714,86.97.00
1715,86.10.00
1715,86.91.00
1715,86.94.00
1715,86.97.00
1716,86.10.00
1716,86.91.00
1716,86.94.00
1716,86.97.00
1717,86.10.00
1717,86.91.00
1717,86.94.00
1717,86.97.00
1718,86.10.00
1718,86.91.00
1718,86.94.00
1718,86.97.00
1719,86.10.00
1719,86.91.00
1719,86.94.00
1719,86.97.00
1720,86.10.00
1720,86.91.00
1720,86.94.00
1720,86.97.00
1721,86.10.00
1721,86.91.00
1721,86.94.00
1721,86.97.00
1722,86.10.00
1722,86.91.00
1722,86.94.00
1722,86.97.00
1723,86.10.00
1723,86.91.00
1723,86.94.00
1723,86.97.00
1724,86.10.00
1724,86.91.00
1724,86.94.00
1724,86.97.00
1725,86.10.00
1725,86.91.00
1725,86.94.00
1725,86.97.00
1726,86.10.00
1726,86.91.00
1726,86.94.00
1726,86.97.00
1727,86.10.00
1727,86.91.00
1727,86.94.00
1727,86.97.00
1728,86.10.00
1728,86.91.00
1728,86.94.00
1728,86.97.00
1729,86.10.00
1729,86.91.00
1729,86.94.00
1729,86.97.00
1730,86.10.00
1730,86.91.00
1730,86.94.00
1730,86.97.00
1731,86.10.00
1731,86.91.00
1731,86.94.00
1731,86.97.00
1732,86.10.00
1732,86.91.00
1732,86.94.00
1732,86.97.00
1733,86.10.00
1733,86.91.00
1733,86.94.00
1733,86.97.00
1734,86.10.00
1734,86.91.00
1734,86.94.00
1734,86.97.00
1735,86.10.00
1735,86.91.00
1735,86.94.00
1735,86.97.00
1736,86.10.00
1736,86.91.00
1736,86.94.00
1736,86.97.00
1737,86.10.00
1737,86.91.00
1737,86.94.00
1737,86.97.00
1738,86.10.00
1738,86.91.00
1738,86.94.00
1738,86.97.00
1739,86.10.00
1739,86.91.00
1739,86.94.00
1739,86.97.00
1749,86.10.00
1749,86.91.00
1749,86.94.00
1749,86.97.00
1750,86.10.00
1750,86.91.00
1750,86.94.00
1750,86.97.00
1751,86.10.00
1751,86.91.00
1751,86.94.00
1751,86.97.00
1752,86.10.00
1752,86.91.00
1752,86.94.00
1752,86.97.00
1753,86.10.00
1753,86.91.00
1753,86.94.00
1753,86.97.00
1754,86.10.00
1754,86.91.00
1754,86.94.00
1754,86.97.00
1755,86.10.00
1755,86.91.00
1755,86.94.00
1755,86.97.00
1756,86.10.00
1756,86.91.00
1756,86.94.00
1756,86.97.00
1757,86.10.00
1757,86.91.00
1757,86.94.00
1757,86.97.00
1758,86.10.00
1758,86.91.00
1758,86.94.00
1758,86.97.00
1759,86.10.00
1759,86.91.00
1759,86.94.00
1759,86.97.00
1760,86.10.00
1760,86.91.00
1760,86.94.00
1760,86.97.00
1761,86.10.00
1761,86.91.00
1761,86.94.00
1761,86.97.00
1762,86.10.00
1762,86.91.00
1762,86.94.00
1762,86.97.00
1763,86.10.00
1763,86.91.00
1763,86.94.00
1763,86.97.00
1764,86.10.00
1764,86.91.00
1764,86.94.00
1764,86.97.00
1765,86.10.00
1765,86.91.00
1765,86.94.00
1765,86.97.00
1766,86.10.00
1766,86.91.00
1766,86.94.00
1766,86.97.00
1770,86.10.00
1770,86.91.00
1770,86.94.00
1770,86.97.00
1771,86.10.00
1771,86.91.00
1771,86.94.00
1771,86.97.00
1772,86.10.00
1772,86.91.00
1772,86.94.00
1772,86.97.00
1773,86.10.00
1773,86.91.00
1773,86.94.00
1773,86.97.00
1774,86.10.00
1774,86.91.00
1774,86.94.00
1774,86.97.00
1775,86.10.00
1775,86.91.00
1775,86.94.00
1775,86.97.00
1777,86.10.00
1777,86.91.00
1777,86.94.00
1777,86.97.00
1782,86.10.00
1782,86.91.00
1782,86.94.00
1782,86.97.00
1799,86.10.00
1799,86.91.00
1799,86.94.00
1799,86.97.00
1799,86.10.00
1799,86.91.00
1799,86.94.00
1799,86.97.00
1799,86.10.00
1799,86.91.00
1799,86.94.00
1799,86.97.00
1799,86.10.00
1799,86.91.00
1799,86.94.00
1799,86.97.00
1799,86.10.00
1799,86.91.00
1799,86.94.00
1799,86.97.00
1799,86.10.00
1799,86.91.00
1799,86.94.00
1799,86.97.00
1799,86.10.00
1799,86.91.00
1799,86.94.00
1799,86.97.00
1799,86.10.00
1799,86.91.00
1799,86.94.00
1799,86.97.00
1799,86.10.00
1799,86.91.00
1799,86.94.00
1799,86.97.00
1799,86.10.00
1799,86.91.00
1799,86.94.00
1799,86.97.00
1799,86.10.00
1799,86.91.00
1799,86.94.00
1799,86.97.00
1799,86.10.00
1799,86.91.00
1799,86.94.00
1799,86.97.00
1800,86.10.00
1800,86.91.00
1800,86.94.00
1800,86.97.00
1801,86.10.00
1801,86.91.00
1801,86.94.00
1801,86.97.00
1802,86.10.00
1802,86.91.00
1802,86.94.00
1802,86.97.00
1803,86.10.00
1803,86.91.00
1803,86.94.00
1803,86.97.00
1804,86.10.00
1804,86.91.00
1804,86.94.00
1804,86.97.00
1805,86.10.00
1805,86.91.00
1805,86.94.00
1805,86.97.00
1806,86.10.00
1806,86.91.00
1806,86.94.00
1806,86.97.00
1807,86.10.00
1807,86.91.00
1807,86.94.00
1807,86.97.00
1808,86.10.00
1808,86.91.00
1808,86.94.00
1808,86.97.00
1809,86.10.00
1809,86.91.00
1809,86.94.00
1809,86.97.00
1810,86.10.00
1810,86.91.00
1810,86.94.00
1810,86.97.00
1811,86.10.00
1811,86.91.00
1811,86.94.00
1811,86.97.00
1812,86.10.00
1812,86.91.00
1812,86.94.00
1812,86.97.00
1813,86.10.00
1813,86.91.00
1813,86.94.00
1813,86.97.00
1814,86.10.00
1814,86.91.00
1814,86.94.00
1814,86.97.00
1815,86.10.00
1815,86.91.00
1815,86.94.00
1815,86.97.00
1816,86.10.00
1816,86.91.00
1816,86.94.00
1816,86.97.00
1817,86.10.00
1817,86.91.00
1817,86.94.00
1817,86.97.00
1818,86.10.00
1818,86.91.00
1818,86.94.00
1818,86.97.00
1819,86.10.00
1819,86.91.00
1819,86.94.00
1819,86.97.00
1820,86.10.00
1820,86.91.00
1820,86.94.00
1820,86.97.00
1822,86.10.00
1822,86.91.00
1822,86.94.00
1822,86.97.00
1823,86.10.00
1823,86.91.00
1823,86.94.00
1823,86.97.00
1824,86.10.00
1824,86.91.00
1824,86.94.00
1824,86.97.00
1825,86.10.00
1825,86.91.00
1825,86.94.00
1825,86.97.00
1826,86.10.00
1826,86.91.00
1826,86.94.00
1826,86.97.00
1827,86.10.00
1827,86.91.00
1827,86.94.00
1827,86.97.00
1828,86.10.00
1828,86.91.00
1828,86.94.00
1828,86.97.00
1829,86.10.00
1829,86.91.00
1829,86.94.00
1829,86.97.00
1835,86.10.00
1835,86.91.00
1835,86.94.00
1835,86.97.00
1850,86.10.00
1850,86.91.00
1850,86.94.00
1850,86.97.00
1851,86.10.00
1851,86.91.00
1851,86.94.00
1851,86.97.00
1852,86.10.00
1852,86.91.00
1852,86.94.00
1852,86.97.00
1853,86.10.00
1853,86.91.00
1853,86.94.00
1853,86.97.00
1854,86.10.00
1854,86.91.00
1854,86.94.00
1854,86.97.00
1855,86.10.00
1855,86.91.00
1855,86.94.00
1855,86.97.00
1856,86.10.00
1856,86.91.00
1856,86.94.00
1856,86.97.00
1857,86.10.00
1857,86.91.00
1857,86.94.00
1857,86.97.00
1860,86.10.00
1860,86.91.00
1860,86.94.00
1860,86.97.00
1861,86.10.00
1861,86.91.00
1861,86.94.00
1861,86.97.00
1862,86.10.00
1862,86.91.00
1862,86.94.00
1862,86.97.00
1863,86.10.00
1863,86.91.00
1863,86.94.00
1863,86.97.00
1864,86.10.00
1864,86.91.00
1864,86.94.00
1864,86.97.00
1865,86.10.00
1865,86.91.00
1865,86.94.00
1865,86.97.00
1866,86.10.00
1866,86.91.00
1866,86.94.00
1866,86.97.00
1867,86.10.00
1867,86.91.00
1867,86.94.00
1867,86.97.00
1868,86.10.00
1868,86.91.00
1868,86.94.00
1868,86.97.00
1870,86.10.00
1870,86.91.00
1870,86.94.00
1870,86.97.00
1871,86.10.00
1871,86.91.00
1871,86.94.00
1871,86.97.00
1872,86.10.00
1872,86.91.00
1872,86.94.00
1872,86.97.00
1873,86.10.00
1873,86.91.00
1873,86.94.00
1873,86.97.00
1874,86.10.00
1874,86.91.00
1874,86.94.00
1874,86.97.00
1875,86.10.00
1875,86.91.00
1875,86.94.00
1875,86.97.00
1876,86.10.00
1876,86.91.00
1876,86.94.00
1876,86.97.00
1877,86.10.00
1877,86.91.00
1877,86.94.00
1877,86.97.00
1878,86.10.00
1878,86.91.00
1878,86.94.00
1878,86.97.00
1879,86.10.00
1879,86.91.00
1879,86.94.00
1879,86.97.00
1900,86.10.00
1900,86.91.00
1900,86.94.00
1900,86.97.00
1901,86.10.00
1901,86.91.00
1901,86.94.00
1901,86.97.00
1902,86.10.00
1902,86.91.00
1902,86.94.00
1902,86.97.00
1903,86.10.00
1903,86.91.00
1903,86.94.00
1903,86.97.00
1904,86.10.00
1904,86.91.00
1904,86.94.00
1904,86.97.00
1905,86.10.00
1905,86.91.00
1905,86.94.00
1905,86.97.00
1906,86.10.00
1906,86.91.00
1906,86.94.00
1906,86.97.00
1908,86.10.00
1908,86.91.00
1908,86.94.00
1908,86.97.00
1909,86.10.00
1909,86.91.00
1909,86.94.00
1909,86.97.00
1910,86.10.00
1910,86.91.00
1910,86.94.00
1910,86.97.00
1911,86.10.00
1911,86.91.00
1911,86.94.00
1911,86.97.00
1912,86.10.00
1912,86.91.00
1912,86.94.00
1912,86.97.00
1913,86.10.00
1913,86.91.00
1913,86.94.00
1913,86.97.00
1914,86.10.00
1914,86.91.00
1914,86.94.00
1914,86.97.00
1915,86.10.00
1915,86.91.00
1915,86.94.00
1915,86.97.00
1916,86.10.00
1916,86.91.00
1916,86.94.00
1916,86.97.00
1917,86.10.00
1917,86.91.00
1917,86.94.00
1917,86.97.00
1920,86.10.00
1920,86.91.00
1920,86.94.00
1920,86.97.00
1921,86.10.00
1921,86.91.00
1921,86.94.00
1921,86.97.00
1922,86.10.00
1922,86.91.00
1922,86.94.00
1922,86.97.00
1923,86.10.00
1923,86.91.00
1923,86.94.00
1923,86.97.00
1924,86.10.00
1924,86.91.00
1924,86.94.00
1924,86.97.00
1925,86.10.00
1925,86.91.00
1925,86.94.00
1925,86.97.00
1926,86.10.00
1926,86.91.00
1926,86.94.00
1926,86.97.00
1927,86.10.00
1927,86.91.00
1927,86.94.00
1927,86.97.00
1928,86.10.00
1928,86.91.00
1928,86.94.00
1928,86.97.00
1931,86.10.00
1931,86.91.00
1931,86.94.00
1931,86.97.00
1950,86.10.00
1950,86.91.00
1950,86.94.00
1950,86.97.00
1951,86.10.00
1951,86.91.00
1951,86.94.00
1951,86.97.00
1952,86.10.00
1952,86.91.00
1952,86.94.00
1952,86.97.00
1953,86.10.00
1953,86.91.00
1953,86.94.00
1953,86.97.00
1954,86.10.00
1954,86.91.00
1954,86.94.00
1954,86.97.00
1955,86.10.00
1955,86.91.00
1955,86.94.00
1955,86.97.00
1956,86.10.00
1956,86.91.00
1956,86.94.00
1956,86.97.00
1957,86.10.00
1957,86.91.00
1957,86.94.00
1957,86.97.00
1958,86.10.00
1958,86.91.00
1958,86.94.00
1958,86.97.00
1959,86.10.00
1959,86.91.00
1959,86.94.00
1959,86.97.00
1960,86.10.00
1960,86.91.00
1960,86.94.00
1960,86.97.00
1961,86.10.00
1961,86.91.00
1961,86.94.00
1961,86.97.00
1962,86.10.00
1962,86.91.00
1962,86.94.00
1962,86.97.00
1963,86.10.00
1963,86.91.00
1963,86.94.00
1963,86.97.00
1964,86.10.00
1964,86.91.00
1964,86.94.00
1964,86.97.00
1965,86.10.00
1965,86.91.00
1965,86.94.00
1965,86.97.00
1966,86.10.00
1966,86.91.00
1966,86.94.00
1966,86.97.00
1967,86.10.00
1967,86.91.00
1967,86.94.00
1967,86.97.00
1970,86.10.00
1970,86.91.00
1970,86.94.00
1970,86.97.00
1971,86.10.00
1971,86.91.00
1971,86.94.00
1971,86.97.00
1972,86.10.00
1972,86.91.00
1972,86.94.00
1972,86.97.00
1973,86.10.00
1973,86.91.00
1973,86.94.00
1973,86.97.00
1974,86.10.00
1974,86.91.00
1974,86.94.00
1974,86.97.00
2000,86.10.00
2000,86.91.00
2000,86.94.00
2000,86.97.00
2100,86.10.00
2100,86.91.00
2100,86.94.00
2100,86.97.00
2150,86.10.00
2150,86.91.00
2150,86.94.00
2150,86.97.00
2200,86.10.00
2200,86.91.00
2200,86.94.00
2200,86.97.00
2300,86.10.00
2300,86.91.00
2300,86.94.00
2300,86.97.00
2400,86.10.00
2400,86.91.00
2400,86.94.00
2400,86.97.00
2450,86.10.00
2450,86.91.00
2450,86.94.00
2450,86.97.00
2500,86.10.00
2500,86.91.00
2500,86.94.00
2500,86.97.00
2600,86.10.00
2600,86.91.00
2600,86.94.00
2600,86.97.00
2605,86.10.00
2605,86.91.00
2605,86.94.00
2605,86.97.00
2610,86.10.00
2610,86.91.00
2610,86.94.00
2610,86.97.00
2620,86.10.00
2620,86.91.00
2620,86.94.00
2620,86.97.00
2625,86.10.00
2625,86.91.00
2625,86.94.00
2625,86.97.00
2630,86.10.00
2630,86.91.00
2630,86.94.00
2630,86.97.00
2635,86.10.00
2635,86.91.00
2635,86.94.00
2635,86.97.00
2640,86.10.00
2640,86.91.00
2640,86.94.00
2640,86.97.00
2650,86.10.00
2650,86.91.00
2650,86.94.00
2650,86.97.00
2660,86.10.00
2660,86.91.00
2660,86.94.00
2660,86.97.00
2665,86.10.00
2665,86.91.00
2665,86.94.00
2665,86.97.00
2670,86.10.00
2670,86.91.00
2670,86.94.00
2670,86.97.00
2680,86.10.00
2680,86.91.00
2680,86.94.00
2680,86.97.00
2690,86.10.00
2690,86.91.00
2690,86.94.00
2690,86.97.00
2700,86.10.00
2700,86.91.00
2700,86.94.00
2700,86.97.00
2720,86.10.00
2720,86.91.00
2720,86.94.00
2720,86.97.00
2730,86.10.00
2730,86.91.00
2730,86.94.00
2730,86.97.00
2740,86.10.00
2740,86.91.00
2740,86.94.00
2740,86.97.00
2750,86.10.00
2750,86.91.00
2750,86.94.00
2750,86.97.00
2760,86.10.00
2760,86.91.00
2760,86.94.00
2760,86.97.00
2765,86.10.00
2765,86.91.00
2765,86.94.00
2765,86.97.00
2770,86.10.00
2770,86.91.00
2770,86.94.00
2770,86.97.00
2791,86.10.00
2791,86.91.00
2791,86.94.00
2791,86.97.00
2800,86.10.00
2800,86.91.00
2800,86.94.00
2800,86.97.00
2820,86.10.00
2820,86.91.00
2820,86.94.00
2820,86.97.00
2830,86.10.00
2830,86.91.00
2830,86.94.00
2830,86.97.00
2840,86.10.00
2840,86.91.00
2840,86.94.00
2840,86.97.00
2850,86.10.00
2850,86.91.00
2850,86.94.00
2850,86.97.00
2860,86.10.00
2860,86.91.00
2860,86.94.00
2860,86.97.00
2870,86.10.00
2870,86.91.00
2870,86.94.00
2870,86.97.00
2880,86.10.00
2880,86.91.00
2880,86.94.00
2880,86.97.00
2900,86.10.00
2900,86.91.00
2900,86.94.00
2900,86.97.00
2920,86.10.00
2920,86.91.00
2920,86.94.00
2920,86.97.00
2930,86.10.00
2930,86.91.00
2930,86.94.00
2930,86.97.00
2942,86.10.00
2942,86.91.00
2942,86.94.00
2942,86.97.00
2950,86.10.00
2950,86.91.00
2950,86.94.00
2950,86.97.00
2960,86.10.00
2960,86.91.00
2960,86.94.00
2960,86.97.00
2970,86.10.00
2970,86.91.00
2970,86.94.00
2970,86.97.00
2980,86.10.00
2980,86.91.00
2980,86.94.00
2980,86.97.00
2990,86.10.00
2990,86.91.00
2990,86.94.00
2990,86.97.00
3000,86.10.00
3000,86.91.00
3000,86.94.00
3000,86.97.00
